分類,KW,修正タイトル
24-1.成分名の記載,保湿成分,具体的な成分名を記載できているか、確認してください。
24-1.成分名の記載,美肌成分,具体的な成分名を記載できているか、確認してください。
24-1.成分名の記載,天然美容成分,具体的な成分名を記載できているか、確認してください。
24-1.成分名の記載,天然成分,具体的な成分名を記載できているか、確認してください。
24-1.成分名の記載,酸熱トリートメント成分,具体的な成分名を記載できているか、確認してください。
24-1.成分名の記載,希少成分,具体的な成分名を記載できているか、確認してください。
24-2.配合目的,3-O-エチルアスコルビン酸,配合目的が記載できているか、確認してください
24-2.配合目的,4-n-ブチルレゾルシノール,配合目的が記載できているか、確認してください
24-2.配合目的,4-メトキシサリチル酸カリウム塩,配合目的が記載できているか、確認してください
24-2.配合目的,4MSK,配合目的が記載できているか、確認してください
24-2.配合目的,"5,5′-ジプロピル-ビフェニル-2,2′-ジオール",配合目的が記載できているか、確認してください
24-2.配合目的,BG,配合目的が記載できているか、確認してください
24-2.配合目的,BHA,配合目的が記載できているか、確認してください
24-2.配合目的,BHT,配合目的が記載できているか、確認してください
24-2.配合目的,d-カンフル,配合目的が記載できているか、確認してください
24-2.配合目的,D-パントテニルアルコール,配合目的が記載できているか、確認してください
24-2.配合目的,dl-α-トコフェリルリン酸ナトリウム,配合目的が記載できているか、確認してください
24-2.配合目的,DPG,配合目的が記載できているか、確認してください
24-2.配合目的,m-トラネキサム酸,配合目的が記載できているか、確認してください
24-2.配合目的,MCアクティベーター,配合目的が記載できているか、確認してください
24-2.配合目的,mトラネキサム酸,配合目的が記載できているか、確認してください
24-2.配合目的,PCA-Na,配合目的が記載できているか、確認してください
24-2.配合目的,PG加水分解コラーゲン,配合目的が記載できているか、確認してください
24-2.配合目的,t-ブチルメトキシベンゾイルメタン,配合目的が記載できているか、確認してください
24-2.配合目的,VCエチル（3-O-エチルアスコルビン酸）,配合目的が記載できているか、確認してください
24-2.配合目的,YACエキス,配合目的が記載できているか、確認してください
24-2.配合目的,アーモンド油,配合目的が記載できているか、確認してください
24-2.配合目的,アシタバ葉エキス,配合目的が記載できているか、確認してください
24-2.配合目的,アスコビルグルコシド,配合目的が記載できているか、確認してください
24-2.配合目的,アスコルビリン酸Na,配合目的が記載できているか、確認してください
24-2.配合目的,アスコルビルリン酸Na,配合目的が記載できているか、確認してください
24-2.配合目的,アスコルビン酸グルコシド,配合目的が記載できているか、確認してください
24-2.配合目的,アスコルビン酸硫酸2Na,配合目的が記載できているか、確認してください
24-2.配合目的,アスタキサンチン,配合目的が記載できているか、確認してください
24-2.配合目的,アスパラガス茎エキス,配合目的が記載できているか、確認してください
24-2.配合目的,アスパラサスリネアリス葉エキス,配合目的が記載できているか、確認してください
24-2.配合目的,アセチルパントテニルエチル,配合目的が記載できているか、確認してください
24-2.配合目的,アセチルヒアルロン酸Na,配合目的が記載できているか、確認してください
24-2.配合目的,アセチルヘキサペプチド-8,配合目的が記載できているか、確認してください
24-2.配合目的,アセロラ果実エキス,配合目的が記載できているか、確認してください
24-2.配合目的,アデノシン1リン酸2ナトリウムOT,配合目的が記載できているか、確認してください
24-2.配合目的,アデノシン三リン酸2Na,配合目的が記載できているか、確認してください
24-2.配合目的,アマチャエキス,配合目的が記載できているか、確認してください
24-2.配合目的,アミノカプロン酸,配合目的が記載できているか、確認してください
24-2.配合目的,アミノプロピルジメチコン,配合目的が記載できているか、確認してください
24-2.配合目的,アミノ酸,配合目的が記載できているか、確認してください
24-2.配合目的,アミノ酪酸,配合目的が記載できているか、確認してください
24-2.配合目的,アモジメチコン,配合目的が記載できているか、確認してください
24-2.配合目的,アラントイン,配合目的が記載できているか、確認してください
24-2.配合目的,アルガンオイル,配合目的が記載できているか、確認してください
24-2.配合目的,アルギニン,配合目的が記載できているか、確認してください
24-2.配合目的,アルテア根エキス,配合目的が記載できているか、確認してください
24-2.配合目的,アルニカ花エキス,配合目的が記載できているか、確認してください
24-2.配合目的,アルブチン,配合目的が記載できているか、確認してください
24-2.配合目的,アロエベラ葉エキス,配合目的が記載できているか、確認してください
24-2.配合目的,イオウ,配合目的が記載できているか、確認してください
24-2.配合目的,イソステアリルアルコール,配合目的が記載できているか、確認してください
24-2.配合目的,イソプロピルメチルフェノール,配合目的が記載できているか、確認してください
24-2.配合目的,イタドリ根エキス,配合目的が記載できているか、確認してください
24-2.配合目的,イチョウ葉エキス,配合目的が記載できているか、確認してください
24-2.配合目的,イノシトール,配合目的が記載できているか、確認してください
24-2.配合目的,イリス根エキス,配合目的が記載できているか、確認してください
24-2.配合目的,ウーロン茶エキス,配合目的が記載できているか、確認してください
24-2.配合目的,エストラジオール,配合目的が記載できているか、確認してください
24-2.配合目的,エタノール,配合目的が記載できているか、確認してください
24-2.配合目的,エチニルエストラジオール,配合目的が記載できているか、確認してください
24-2.配合目的,エチルヘキサン酸セチル,配合目的が記載できているか、確認してください
24-2.配合目的,エラグ酸,配合目的が記載できているか、確認してください
24-2.配合目的,オウレンエキス,配合目的が記載できているか、確認してください
24-2.配合目的,オキシベンゾン-1,配合目的が記載できているか、確認してください
24-2.配合目的,オキシベンゾン-3,配合目的が記載できているか、確認してください
24-2.配合目的,オキシベンゾン-4,配合目的が記載できているか、確認してください
24-2.配合目的,オキシベンゾン-9,配合目的が記載できているか、確認してください
24-2.配合目的,オクトクリレン,配合目的が記載できているか、確認してください
24-2.配合目的,オリーブオイル,配合目的が記載できているか、確認してください
24-2.配合目的,オリーブ果実油,配合目的が記載できているか、確認してください
24-2.配合目的,カフェイン,配合目的が記載できているか、確認してください
24-2.配合目的,カプサイシン,配合目的が記載できているか、確認してください
24-2.配合目的,カミツレエキス,配合目的が記載できているか、確認してください
24-2.配合目的,カミツレ花／葉／茎エキス,配合目的が記載できているか、確認してください
24-2.配合目的,カミツレ花／葉エキス,配合目的が記載できているか、確認してください
24-2.配合目的,カミツレ花エキス,配合目的が記載できているか、確認してください
24-2.配合目的,カミツレ葉エキス,配合目的が記載できているか、確認してください
24-2.配合目的,カモミラET,配合目的が記載できているか、確認してください
24-2.配合目的,カルナウバロウ,配合目的が記載できているか、確認してください
24-2.配合目的,カルニチン,配合目的が記載できているか、確認してください
24-2.配合目的,カルボマー,配合目的が記載できているか、確認してください
24-2.配合目的,カンゾウ根エキス,配合目的が記載できているか、確認してください
24-2.配合目的,カンフル,配合目的が記載できているか、確認してください
24-2.配合目的,キシリトール,配合目的が記載できているか、確認してください
24-2.配合目的,キャンデリラロウ,配合目的が記載できているか、確認してください
24-2.配合目的,グアイアズレン,配合目的が記載できているか、確認してください
24-2.配合目的,グリコール酸,配合目的が記載できているか、確認してください
24-2.配合目的,グリセリルアスコルビン酸,配合目的が記載できているか、確認してください
24-2.配合目的,グリセリルアスコルビン酸,配合目的が記載できているか、確認してください
24-2.配合目的,グリセリン,配合目的が記載できているか、確認してください
24-2.配合目的,グリチルリチン酸2K,配合目的が記載できているか、確認してください
24-2.配合目的,グリチルリチン酸ジカリウム,配合目的が記載できているか、確認してください
24-2.配合目的,グリチルレチン酸ステアリル,配合目的が記載できているか、確認してください
24-2.配合目的,グルタチオン,配合目的が記載できているか、確認してください
24-2.配合目的,グルタミン酸Na,配合目的が記載できているか、確認してください
24-2.配合目的,クロルヒドロキシAl,配合目的が記載できているか、確認してください
24-2.配合目的,クロルヒドロキシアルミニウム,配合目的が記載できているか、確認してください
24-2.配合目的,クロレラエキス,配合目的が記載できているか、確認してください
24-2.配合目的,ケラチン,配合目的が記載できているか、確認してください
24-2.配合目的,コウジ酸,配合目的が記載できているか、確認してください
24-2.配合目的,ゴールデンカモミール,配合目的が記載できているか、確認してください
24-2.配合目的,コハク酸,配合目的が記載できているか、確認してください
24-2.配合目的,コムギ胚芽エキス,配合目的が記載できているか、確認してください
24-2.配合目的,コメヌカエキス,配合目的が記載できているか、確認してください
24-2.配合目的,コメヌカスフィンゴ糖脂質,配合目的が記載できているか、確認してください
24-2.配合目的,コラーゲン,配合目的が記載できているか、確認してください
24-2.配合目的,コレカルシフェロール,配合目的が記載できているか、確認してください
24-2.配合目的,コレステロール,配合目的が記載できているか、確認してください
24-2.配合目的,コンドロイチン硫酸Na,配合目的が記載できているか、確認してください
24-2.配合目的,サッカロミセス／コメヌカ発酵液エキス,配合目的が記載できているか、確認してください
24-2.配合目的,サボンソウ葉エキス,配合目的が記載できているか、確認してください
24-2.配合目的,サリチル酸,配合目的が記載できているか、確認してください
24-2.配合目的,サリチル酸オクチル,配合目的が記載できているか、確認してください
24-2.配合目的,サリチル酸メチル,配合目的が記載できているか、確認してください
24-2.配合目的,サンショウエキス,配合目的が記載できているか、確認してください
24-2.配合目的,ジエチルアミノヒドロキシンベンゾイル安息香酸へキシル,配合目的が記載できているか、確認してください
24-2.配合目的,シクロヘキサシロキサン,配合目的が記載できているか、確認してください
24-2.配合目的,ジパルミチン酸アスコルビル,配合目的が記載できているか、確認してください
24-2.配合目的,ジパルミチン酸ピリドキシン,配合目的が記載できているか、確認してください
24-2.配合目的,ジメチコン,配合目的が記載できているか、確認してください
24-2.配合目的,シャクヤク根エキス,配合目的が記載できているか、確認してください
24-2.配合目的,シリコン樹脂,配合目的が記載できているか、確認してください
24-2.配合目的,ジンクピリチオン,配合目的が記載できているか、確認してください
24-2.配合目的,ジ酢酸ジペプチドジアミノブチロイルベンジルアミド,配合目的が記載できているか、確認してください
24-2.配合目的,スーパーヒアルロン酸,配合目的が記載できているか、確認してください
24-2.配合目的,スクワラン,配合目的が記載できているか、確認してください
24-2.配合目的,ステアリルアルコール,配合目的が記載できているか、確認してください
24-2.配合目的,ステアリン酸アスコルビル,配合目的が記載できているか、確認してください
24-2.配合目的,スフィンゴ脂質,配合目的が記載できているか、確認してください
24-2.配合目的,セイヨウオオバコ種子エキス,配合目的が記載できているか、確認してください
24-2.配合目的,セイヨウハッカ葉エキス,配合目的が記載できているか、確認してください
24-2.配合目的,セージ葉エキス,配合目的が記載できているか、確認してください
24-2.配合目的,セタノール,配合目的が記載できているか、確認してください
24-2.配合目的,セチルPGヒドロキシエチルパルミタミド,配合目的が記載できているか、確認してください
24-2.配合目的,セテアリルアルコール,配合目的が記載できているか、確認してください
24-2.配合目的,セラミド,配合目的が記載できているか、確認してください
24-2.配合目的,セラミドAG,配合目的が記載できているか、確認してください
24-2.配合目的,セラミドAP,配合目的が記載できているか、確認してください
24-2.配合目的,セラミドAS,配合目的が記載できているか、確認してください
24-2.配合目的,セラミドEOP,配合目的が記載できているか、確認してください
24-2.配合目的,セラミドEOS,配合目的が記載できているか、確認してください
24-2.配合目的,セラミドNG,配合目的が記載できているか、確認してください
24-2.配合目的,セラミドNP,配合目的が記載できているか、確認してください
24-2.配合目的,セラミドNS,配合目的が記載できているか、確認してください
24-2.配合目的,セリン,配合目的が記載できているか、確認してください
24-2.配合目的,センブリエキス,配合目的が記載できているか、確認してください
24-2.配合目的,ソウハクヒエキス,配合目的が記載できているか、確認してください
24-2.配合目的,タウリン,配合目的が記載できているか、確認してください
24-2.配合目的,タンニン酸,配合目的が記載できているか、確認してください
24-2.配合目的,チオクト酸,配合目的が記載できているか、確認してください
24-2.配合目的,チオグリコール酸カルシウム,配合目的が記載できているか、確認してください
24-2.配合目的,チャ葉エキス,配合目的が記載できているか、確認してください
24-2.配合目的,チョウジエキス,配合目的が記載できているか、確認してください
24-2.配合目的,ツボクサエキス,配合目的が記載できているか、確認してください
24-2.配合目的,デオキシリボ核酸ナトリウム,配合目的が記載できているか、確認してください
24-2.配合目的,テトラへキシルデカン酸アスコルビル,配合目的が記載できているか、確認してください
24-2.配合目的,テトラペプチド‐5,配合目的が記載できているか、確認してください
24-2.配合目的,トウガラシ果実エキス,配合目的が記載できているか、確認してください
24-2.配合目的,トウキ根エキス,配合目的が記載できているか、確認してください
24-2.配合目的,トコトリエノール,配合目的が記載できているか、確認してください
24-2.配合目的,トコフェロール,配合目的が記載できているか、確認してください
24-2.配合目的,トコフェロール酢酸エステル,配合目的が記載できているか、確認してください
24-2.配合目的,トラネキサム酸,配合目的が記載できているか、確認してください
24-2.配合目的,トラネキサム酸セチルHCL,配合目的が記載できているか、確認してください
24-2.配合目的,"トランス-3,4’-ジメチル-3-ヒドロキシフラバノン",配合目的が記載できているか、確認してください
24-2.配合目的,トリ（カプリル酸／カプリン酸）グリセリル,配合目的が記載できているか、確認してください
24-2.配合目的,トレハロース,配合目的が記載できているか、確認してください
24-2.配合目的,ナイアシン,配合目的が記載できているか、確認してください
24-2.配合目的,ナイアシンアミド,配合目的が記載できているか、確認してください
24-2.配合目的,ニコチン酸アミド,配合目的が記載できているか、確認してください
24-2.配合目的,ニンジン根エキス,配合目的が記載できているか、確認してください
24-2.配合目的,ハトムギエキス,配合目的が記載できているか、確認してください
24-2.配合目的,ハトムギ種子エキス,配合目的が記載できているか、確認してください
24-2.配合目的,パパイン,配合目的が記載できているか、確認してください
24-2.配合目的,ハマヌメリスエキス,配合目的が記載できているか、確認してください
24-2.配合目的,ハマメリス葉エキス,配合目的が記載できているか、確認してください
24-2.配合目的,パラフィン,配合目的が記載できているか、確認してください
24-2.配合目的,パラフェノールスルホン酸亜鉛,配合目的が記載できているか、確認してください
24-2.配合目的,パルミチン酸,配合目的が記載できているか、確認してください
24-2.配合目的,パルミチン酸アスコルビリン酸3Na,配合目的が記載できているか、確認してください
24-2.配合目的,パルミチン酸レチノール,配合目的が記載できているか、確認してください
24-2.配合目的,パルミトイルオリゴペプチド,配合目的が記載できているか、確認してください
24-2.配合目的,パルミトイルベンタペプチド-4,配合目的が記載できているか、確認してください
24-2.配合目的,パンテノール,配合目的が記載できているか、確認してください
24-2.配合目的,パントテニールエチルエーテル,配合目的が記載できているか、確認してください
24-2.配合目的,パントテニルエチルエーテル,配合目的が記載できているか、確認してください
24-2.配合目的,ヒアルロン酸,配合目的が記載できているか、確認してください
24-2.配合目的,ヒアルロン酸Na,配合目的が記載できているか、確認してください
24-2.配合目的,ヒアルロン酸ヒドロキシプロピルトリモニウム,配合目的が記載できているか、確認してください
24-2.配合目的,ビオチン,配合目的が記載できているか、確認してください
24-2.配合目的,ビターオレンジ果皮エキス,配合目的が記載できているか、確認してください
24-2.配合目的,ビタミン,配合目的が記載できているか、確認してください
24-2.配合目的,ビタミンA,配合目的が記載できているか、確認してください
24-2.配合目的,ビタミンA配合,配合目的が記載できているか、確認してください
24-2.配合目的,ビタミンB2,配合目的が記載できているか、確認してください
24-2.配合目的,ビタミンB6,配合目的が記載できているか、確認してください
24-2.配合目的,ビタミンC,配合目的が記載できているか、確認してください
24-2.配合目的,ビタミンＣ,配合目的が記載できているか、確認してください
24-2.配合目的,ビタミンE,配合目的が記載できているか、確認してください
24-2.配合目的,ヒトオリゴペプチド-1,配合目的が記載できているか、確認してください
24-2.配合目的,ヒトオリゴペプチド-13,配合目的が記載できているか、確認してください
24-2.配合目的,ヒノキチオール,配合目的が記載できているか、確認してください
24-2.配合目的,ピリドキシンHCl,配合目的が記載できているか、確認してください
24-2.配合目的,ピリドキシン塩酸塩,配合目的が記載できているか、確認してください
24-2.配合目的,ピロクトンオラミン,配合目的が記載できているか、確認してください
24-2.配合目的,フェノールスルホン酸亜鉛,配合目的が記載できているか、確認してください
24-2.配合目的,フェルラ酸,配合目的が記載できているか、確認してください
24-2.配合目的,フッ化ナトリウム,配合目的が記載できているか、確認してください
24-2.配合目的,フラーレン,配合目的が記載できているか、確認してください
24-2.配合目的,フラーレン,配合目的が記載できているか、確認してください
24-2.配合目的,プラセンタ,配合目的が記載できているか、確認してください
24-2.配合目的,プラセンタエキス,配合目的が記載できているか、確認してください
24-2.配合目的,プルーン分解物,配合目的が記載できているか、確認してください
24-2.配合目的,プロテアーゼ,配合目的が記載できているか、確認してください
24-2.配合目的,プロテオグリカン,配合目的が記載できているか、確認してください
24-2.配合目的,プロピオン酸レチノール,配合目的が記載できているか、確認してください
24-2.配合目的,ベタイン,配合目的が記載できているか、確認してください
24-2.配合目的,ペプチド,配合目的が記載できているか、確認してください
24-2.配合目的,ベンザルコニウムクロリド,配合目的が記載できているか、確認してください
24-2.配合目的,ベンゼトニウムクロリド,配合目的が記載できているか、確認してください
24-2.配合目的,ペンタデカン酸グリセリド,配合目的が記載できているか、確認してください
24-2.配合目的,ホエイ,配合目的が記載できているか、確認してください
24-2.配合目的,ホホバ種子エキス,配合目的が記載できているか、確認してください
24-2.配合目的,ホホバ種子油,配合目的が記載できているか、確認してください
24-2.配合目的,ホホバ油,配合目的が記載できているか、確認してください
24-2.配合目的,ホモサレート,配合目的が記載できているか、確認してください
24-2.配合目的,ポリグルタミン酸,配合目的が記載できているか、確認してください
24-2.配合目的,ポリシリコン-15,配合目的が記載できているか、確認してください
24-2.配合目的,マカデミアナッツ脂肪酸フィトステリル,配合目的が記載できているか、確認してください
24-2.配合目的,マグワ根皮エキス,配合目的が記載できているか、確認してください
24-2.配合目的,ミコナゾール硝酸塩,配合目的が記載できているか、確認してください
24-2.配合目的,ミゾコウジュエキス,配合目的が記載できているか、確認してください
24-2.配合目的,ミツロウ,配合目的が記載できているか、確認してください
24-2.配合目的,ミネラルオイル,配合目的が記載できているか、確認してください
24-2.配合目的,ミリスチン酸イソプロピル,配合目的が記載できているか、確認してください
24-2.配合目的,ムラサキシキブエキス、グレープフルーツエキス、酵母エキス,配合目的が記載できているか、確認してください
24-2.配合目的,ムラサキ根エキス,配合目的が記載できているか、確認してください
24-2.配合目的,メトキシケイヒ酸エチル,配合目的が記載できているか、確認してください
24-2.配合目的,メトキシケイヒ酸オクチル,配合目的が記載できているか、確認してください
24-2.配合目的,メントール,配合目的が記載できているか、確認してください
24-2.配合目的,モモ葉エキス,配合目的が記載できているか、確認してください
24-2.配合目的,ユーカリ葉エキス,配合目的が記載できているか、確認してください
24-2.配合目的,ユビキノン,配合目的が記載できているか、確認してください
24-2.配合目的,ヨモギ葉エキス,配合目的が記載できているか、確認してください
24-2.配合目的,ラウリン酸,配合目的が記載できているか、確認してください
24-2.配合目的,ラウロイルグルタミン酸ジ（フィトステリル／オクチルドデシル）,配合目的が記載できているか、確認してください
24-2.配合目的,ラノリン,配合目的が記載できているか、確認してください
24-2.配合目的,ラノリン,配合目的が記載できているか、確認してください
24-2.配合目的,リノール酸S,配合目的が記載できているか、確認してください
24-2.配合目的,リノール酸レチノール,配合目的が記載できているか、確認してください
24-2.配合目的,リンゴ酸ジイソステアリル,配合目的が記載できているか、確認してください
24-2.配合目的,リン酸アスコルビルMg,配合目的が記載できているか、確認してください
24-2.配合目的,ルチン,配合目的が記載できているか、確認してください
24-2.配合目的,レイシ柄エキス,配合目的が記載できているか、確認してください
24-2.配合目的,レゾルシン,配合目的が記載できているか、確認してください
24-2.配合目的,レチノール,配合目的が記載できているか、確認してください
24-2.配合目的,ローズマリー葉エキス,配合目的が記載できているか、確認してください
24-2.配合目的,ローヤルゼリーエキス,配合目的が記載できているか、確認してください
24-2.配合目的,ワセリン,配合目的が記載できているか、確認してください
24-2.配合目的,ワレモコウエキス,配合目的が記載できているか、確認してください
24-2.配合目的,異性化糖,配合目的が記載できているか、確認してください
24-2.配合目的,塩化Al,配合目的が記載できているか、確認してください
24-2.配合目的,塩化ベンザルコニウム,配合目的が記載できているか、確認してください
24-2.配合目的,塩化リゾチーム,配合目的が記載できているか、確認してください
24-2.配合目的,塩酸ピリドキシン,配合目的が記載できているか、確認してください
24-2.配合目的,加水分解コラーゲン,配合目的が記載できているか、確認してください
24-2.配合目的,加水分解ヒアルロン酸,配合目的が記載できているか、確認してください
24-2.配合目的,加水分解ヒアルロン酸Na,配合目的が記載できているか、確認してください
24-2.配合目的,海塩,配合目的が記載できているか、確認してください
24-2.配合目的,銀・亜鉛・アンモニウム担持ゼオライト,配合目的が記載できているか、確認してください
24-2.配合目的,三フッ化イソプロピルオキソプロピルアミノカルボニルピロリジンカルボニルメチルプロピルアミノカルボニルベンゾイルアミノ酢酸Na,配合目的が記載できているか、確認してください
24-2.配合目的,酸化チタン,配合目的が記載できているか、確認してください
24-2.配合目的,酸化亜鉛,配合目的が記載できているか、確認してください
24-2.配合目的,酒石酸,配合目的が記載できているか、確認してください
24-2.配合目的,植物性コラーゲン、ペプチド,配合目的が記載できているか、確認してください
24-2.配合目的,酢酸DL-α-トコフェロール,配合目的が記載できているか、確認してください
24-2.配合目的,酢酸トコフェロール,配合目的が記載できているか、確認してください
24-2.配合目的,酢酸レチノール,配合目的が記載できているか、確認してください
24-2.配合目的,水添レチノール,配合目的が記載できているか、確認してください
24-2.配合目的,水溶性ビタミン,配合目的が記載できているか、確認してください
24-2.配合目的,豆乳発酵液,配合目的が記載できているか、確認してください
24-2.配合目的,乳酸,配合目的が記載できているか、確認してください
24-2.配合目的,乳酸Na,配合目的が記載できているか、確認してください
24-2.配合目的,馬油,配合目的が記載できているか、確認してください
24-2.配合目的,培養液,配合目的が記載できているか、確認してください
24-2.配合目的,白金,配合目的が記載できているか、確認してください
24-2.配合目的,発酵乳液,配合目的が記載できているか、確認してください
24-2.配合目的,トレハロース誘導体,配合目的が記載できているか、確認してください
24-2.配合目的,セイヨウナシ果汁発酵液,配合目的が記載できているか、確認してください
24-2.配合目的,米発酵エキス,配合目的が記載できているか、確認してください
24-2.配合目的,葉酸,配合目的が記載できているか、確認してください
24-2.配合目的,β-カロチン,配合目的が記載できているか、確認してください
24-2.配合目的,γ-オリザノール,配合目的が記載できているか、確認してください